alpha,delta,u,g,r,i,z,spec_obj_ID,redshift,plate,MJD
135.689107,32.494632,23.87882,23.87882,20.39501,19.16573,18.79371,6.619268e+18,0.000381,5879,56047
